{
  "project_info": {
    "project_number": "783341865706",
    "project_id": "stockrecomapp",
    "storage_bucket": "stockrecomapp.firebasestorage.app"
  },
  "client": [
    {
      "client_info": {
        "mobilesdk_app_id": "1:783341865706:android:80659fa0dbaf2e9211e593",
        "android_client_info": {
          "package_name": "com.example.recomapp"
        }
      },
      "oauth_client": [],
      "api_key": [
        {
          "current_key": "AIzaSyColNy3EG3dRfaMfRDH4u55XiSETA6Objo"
        }
      ],
      "services": {
        "appinvite_service": {
          "other_platform_oauth_client": []
        }
      }
    }
  ],
  "configuration_version": "1"
}